"replicate","VUS"
1,0.783794758213363
2,0.637529223575735
3,0.662643041712809
4,0.690033222591362
5,0.637037037037037
6,0.676239694844346
7,0.637356958287191
8,0.599544727451704
9,0.615393133997785
10,0.6281284606866
11,0.740051679586563
12,0.714125753660637
13,0.653439153439153
14,0.636335671219392
15,0.593023255813953
16,0.566162175464501
17,0.656269226036668
18,0.673065091669743
19,0.668512366186785
20,0.674418604651163
21,0.759579180509413
22,0.590377753168451
23,0.71333825519872
24,0.618740002460933
25,0.806078503752922
26,0.697748246585456
27,0.540568475452196
28,0.75166728189984
29,0.603543743078627
30,0.558951642672573
31,0.659173126614987
32,0.569422911283376
33,0.649760059062385
34,0.653549895410361
35,0.630675526024363
36,0.710225175341454
37,0.7442721791559
38,0.64973544973545
39,0.646031746031746
40,0.575858250276855
41,0.693540051679587
42,0.641257536606374
43,0.71889996308601
44,0.708687092408023
45,0.749427833148763
46,0.604995693367786
47,0.701033591731266
48,0.593466223698782
49,0.71213239817891
50,0.681444567491079
51,0.563971945367294
52,0.630823181985973
53,0.665017841762028
54,0.571268610803495
55,0.652467085025225
56,0.65359911406423
57,0.67249907715024
58,0.69139904023625
59,0.662815307001353
60,0.63093392395718
61,0.557930355604774
62,0.641269841269841
63,0.706607604282023
64,0.723268118616956
65,0.679389688692014
66,0.609819121447028
67,0.712009351544235
68,0.561240310077519
69,0.688901193552356
70,0.590070136581764
71,0.575353759074689
72,0.656724498584964
73,0.730084902177925
74,0.645613387473853
75,0.609031622985111
76,0.571071736188015
77,0.584360772732866
78,0.636815553094623
79,0.582465854558878
80,0.679635781961363
81,0.531586071120955
82,0.506927525532177
83,0.678909806816783
84,0.646093269349083
85,0.779180509413068
86,0.56036667897133
87,0.514138058324105
88,0.68984865263935
89,0.687855297157623
90,0.550252245601083
91,0.74978466838932
92,0.703740617694106
93,0.697822074566261
94,0.607702719330626
95,0.71672203765227
96,0.734034699150978
97,0.632779623477298
98,0.709191583610188
99,0.661794019933555
100,0.637283130306386
101,0.697502153316107
102,0.602153316106804
103,0.598917189614864
104,0.634145441122185
105,0.724252491694352
106,0.657585825027685
107,0.700529100529101
108,0.708687092408023
109,0.500159960625077
110,0.667835609696075
111,0.587793773840285
112,0.659972929740372
113,0.602879291251384
114,0.594069152208687
115,0.687043189368771
116,0.647139165743817
117,0.662839916328288
118,0.559406915220869
119,0.566777408637874
120,0.691066814322628
121,0.631782945736434
122,0.6437430786268
123,0.702620893318568
124,0.693786144948936
125,0.556072351421189
126,0.665042451088963
127,0.664574873877199
128,0.626430417128092
129,0.610705057216685
130,0.605278700627538
131,0.614051925679833
132,0.625175341454411
133,0.648258890119355
134,0.667404946474714
135,0.637873754152824
136,0.527820844099914
137,0.586575612157007
138,0.651531930601698
139,0.675476805709364
140,0.551052048726467
141,0.689774824658546
142,0.65234403839055
143,0.582428940568475
144,0.643890734588409
145,0.590771502399409
146,0.638525901316599
147,0.53552356343054
148,0.651433493293958
149,0.653525286083426
150,0.658779377384028
151,0.654928017718715
152,0.658890119355236
153,0.640876092038883
154,0.685517411098806
155,0.692248062015504
156,0.612550756736803
157,0.656133874738526
158,0.619158361018826
159,0.659677617817153
160,0.667946351667282
161,0.622997416020672
162,0.599126368893811
163,0.60270702596284
164,0.626541159099299
165,0.715073212747631
166,0.687744555186416
167,0.642561830933924
168,0.675009228497601
169,0.671834625322997
170,0.508920881013904
171,0.728189984003937
172,0.591522086870924
173,0.654964931709118
174,0.599692383413314
175,0.662433862433862
176,0.635437430786268
177,0.625224560108281
178,0.6578073089701
179,0.638587424633936
180,0.63953488372093
181,0.609068536975514
182,0.673458840900701
183,0.655703211517165
184,0.69120216562077
185,0.614457979574259
186,0.658767072720561
187,0.526012058570198
188,0.697994339854805
189,0.605020302694721
190,0.51937984496124
191,0.622259136212625
192,0.66322136089578
193,0.713805832410484
194,0.722554448135843
195,0.667749477051803
196,0.741835855789344
197,0.731352282515073
198,0.601476559616094
199,0.680275624461671
200,0.688187523071244
201,0.598855666297527
202,0.632115171650055
203,0.7119847422173
204,0.630540174726221
205,0.670911775562938
206,0.589516426725729
207,0.677359419219884
208,0.723194290636151
209,0.720524178663714
210,0.636618678479144
211,0.661351052048726
212,0.681727574750831
213,0.588175218407777
214,0.634932939584102
215,0.605094130675526
216,0.610446659283869
217,0.672265288544358
218,0.637480004921865
219,0.728608342561831
220,0.676215085517411
221,0.66703580657069
222,0.630318690783807
223,0.609265411590993
224,0.693724621631598
225,0.649612403100775
226,0.759222345268857
227,0.667847914359542
228,0.642377260981912
229,0.67056724498585
230,0.721705426356589
231,0.657069029162052
232,0.751790328534515
233,0.729125138427464
234,0.623255813953488
235,0.643779992617202
236,0.719712070874862
237,0.717792543373939
238,0.740876092038883
239,0.629051310446659
240,0.572991263688938
241,0.726947212993725
242,0.5911529469669
243,0.698634182355113
244,0.75983757844223
245,0.604675772117633
246,0.664390303925188
247,0.528239202657807
248,0.630367909437677
249,0.638021410114433
250,0.729420450350683
251,0.741380583241048
252,0.690340839178048
253,0.696234772978959
254,0.659345391903531
255,0.664008859357697
256,0.623514211886305
257,0.692284976005906
258,0.697699027931586
259,0.618050941306755
260,0.696788482834994
261,0.693047865140888
262,0.741995816414421
263,0.680226405807801
264,0.632607358188753
265,0.635142118863049
266,0.741638981173865
267,0.716032976498093
268,0.666629752676264
269,0.553402239448751
270,0.660354374307863
271,0.704245108896272
272,0.546523932570444
273,0.664501045896395
274,0.634711455641688
275,0.67249907715024
276,0.643976867232681
277,0.679955703211517
278,0.633321028669866
279,0.607567368032484
280,0.619515196259382
281,0.564771748492679
282,0.688064476436569
283,0.651999507813461
284,0.69801894918174
285,0.602399409376154
286,0.547877445551864
287,0.629235880398671
288,0.633727082564292
289,0.654595791805094
290,0.692912513842746
291,0.655014150362988
292,0.611148025101513
293,0.722283745539559
294,0.66993970714901
295,0.642303433001107
296,0.632484311554079
297,0.608342561830934
298,0.628497600590624
299,0.695115048603421
300,0.669878183831672
301,0.674123292727944
302,0.709843730773963
303,0.710741971207087
304,0.663861203396087
305,0.756232312046266
306,0.648677248677249
307,0.770579549649317
308,0.551864156515319
309,0.662704565030146
310,0.679955703211517
311,0.587559985234404
312,0.721742340346991
313,0.63141380583241
314,0.69250645994832
315,0.787153931339978
316,0.680275624461671
317,0.586144948935647
318,0.56635905007998
319,0.734736064968623
320,0.592395717977113
321,0.709609942168082
322,0.736286452565522
323,0.599667774086379
324,0.66176941060662
325,0.609573028177679
326,0.529937246216316
327,0.736372585209795
328,0.588359788359788
329,0.603371477790082
330,0.617940199335548
331,0.674024855420204
332,0.607591977359419
333,0.637676879537345
334,0.607825765965301
335,0.66437799926172
336,0.556662975267626
337,0.687744555186416
338,0.611775562938354
339,0.742414174972315
340,0.697563676633444
341,0.622382182847299
342,0.601439645625692
343,0.672535991140642
344,0.627365571551618
345,0.65901316598991
346,0.637726098191214
347,0.721631598375784
348,0.638513596653132
349,0.714470284237726
350,0.575636766334441
351,0.619465977605512
352,0.681579918789221
353,0.711701734957549
354,0.674800049218654
355,0.66515319306017
356,0.631967515688446
357,0.730614002707026
358,0.689405684754522
359,0.70391288298265
360,0.676055124892334
361,0.690697674418605
362,0.585898855666298
363,0.618986095730282
364,0.696603912882983
365,0.688470530330995
366,0.640137812230835
367,0.562864525655223
368,0.66901685738895
369,0.674960009843731
370,0.731930601698044
371,0.591595914851729
372,0.707751937984496
373,0.607013658176449
374,0.685345145810262
375,0.732176694967393
376,0.684200812107789
377,0.558520979451212
378,0.665140888396702
379,0.646696197858989
380,0.693010951150486
381,0.651015134736065
382,0.664796357819614
383,0.589959394610557
384,0.710557401255076
385,0.624633936261843
386,0.630872400639843
387,0.609462286206472
388,0.669053771379353
389,0.592444936630983
390,0.636913990402363
391,0.845994832041344
392,0.634108527131783
393,0.638870431893688
394,0.650744432139781
395,0.686009597637505
396,0.617103482219761
397,0.663282884213117
398,0.669472129937246
399,0.726836471022517
400,0.601833394856651
401,0.587707641196013
402,0.705697059185431
403,0.664550264550265
404,0.549907715023994
405,0.656490709979082
406,0.550633690168574
407,0.63499446290144
408,0.654017472622124
409,0.680435585086748
410,0.665214716377507
411,0.622665190107051
412,0.61000369139904
413,0.711824781592223
414,0.62469545957918
415,0.700504491202166
416,0.661683277962348
417,0.562667651039744
418,0.678897502153316
419,0.627390180878553
420,0.586341823551126
421,0.726282761166482
422,0.776990279315861
423,0.623994093761536
424,0.794819736680202
425,0.592937123169681
426,0.70072597514458
427,0.681838316722038
428,0.727464008859358
429,0.775267626430417
430,0.583548664944014
431,0.742303433001107
432,0.645108896271687
433,0.628879045158115
434,0.687276977974652
435,0.724621631598376
436,0.693540051679587
437,0.645182724252492
438,0.572732865756122
439,0.567294204503507
440,0.613325950535253
441,0.652417866371355
442,0.691583610188261
443,0.657352036421804
444,0.708477913129076
445,0.619748984865264
446,0.680004921865387
447,0.606103113079857
448,0.695373446536237
449,0.673052787006275
450,0.671219392149625
451,0.626910299003322
452,0.74296788482835
453,0.639854804971084
454,0.726799557032115
455,0.685566629752676
456,0.683794758213363
457,0.61343669250646
458,0.662889134982158
459,0.751790328534515
460,0.648701858004184
461,0.581026208933186
462,0.587953734465362
463,0.701070505721669
464,0.710889627168697
465,0.66582994955088
466,0.697711332595053
467,0.650867478774455
468,0.651421188630491
469,0.628313030638612
470,0.670702596283992
471,0.680251015134736
472,0.591891226774948
473,0.619638242894057
474,0.662704565030146
475,0.661203396087117
476,0.643127845453427
477,0.716623600344531
478,0.680669373692629
479,0.7067675649071
480,0.685861941675895
481,0.713732004429679
482,0.6953119232189
483,0.746597760551249
484,0.62750092284976
485,0.647397563676633
486,0.725864402608589
487,0.623231204626553
488,0.724806201550388
489,0.671010212870678
490,0.538796603912883
491,0.48255198720315
492,0.598917189614864
493,0.633321028669866
494,0.590217792543374
495,0.615749969238341
496,0.583585578934416
497,0.664168819982773
498,0.596456256921373
499,0.544432139780977
500,0.750239940937615
501,0.592371108650178
502,0.694241417497231
503,0.576596530084902
504,0.646339362618432
505,0.628140765350068
506,0.619084533038021
507,0.66630983142611
508,0.647951273532669
509,0.624867724867725
510,0.76375046142488
511,0.629518887658423
512,0.622985111357204
513,0.74021164021164
514,0.719293712316968
515,0.657733480989295
516,0.718616955826258
517,0.666285222099176
518,0.68468069398302
519,0.613276731881383
520,0.681715270087363
521,0.617890980681678
522,0.673458840900701
523,0.531782945736434
524,0.621213239817891
525,0.625593700012305
526,0.730454042081949
527,0.650609080841639
528,0.681530700135351
529,0.700221483942414
530,0.687276977974652
531,0.714088839670235
532,0.679414298018949
533,0.656638365940691
534,0.681616832779623
535,0.653820598006644
536,0.656761412575366
537,0.65500184569952
538,0.64349698535745
539,0.645182724252492
540,0.628460686600221
541,0.627894672080719
542,0.605401747262212
543,0.740900701365818
544,0.679906484557647
545,0.636138796603913
546,0.508157991878922
547,0.672880521717731
548,0.689713301341208
549,0.62469545957918
550,0.629518887658423
551,0.631942906361511
552,0.55359911406423
553,0.731266149870801
554,0.540543866125262
555,0.67999261720192
556,0.594266026824166
557,0.669398301956441
558,0.637873754152824
559,0.673532668881506
560,0.79139904023625
561,0.638353636028055
562,0.657770394979697
563,0.715737664574874
564,0.640654608096469
565,0.661129568106312
566,0.636360280546327
567,0.603137689184201
568,0.70797342192691
569,0.656466100652147
570,0.641109880644764
571,0.753660637381568
572,0.587301587301587
573,0.649612403100775
574,0.659099298634182
575,0.678306878306878
576,0.675526024363234
577,0.669398301956441
578,0.604700381444568
579,0.628879045158115
580,0.768253968253968
581,0.625138427464009
582,0.804392764857881
583,0.689430294081457
584,0.690882244370616
585,0.576744186046512
586,0.568795373446536
587,0.649723145071982
588,0.636963209056232
589,0.688347483696321
590,0.651064353389935
591,0.673791066814323
592,0.62542143472376
593,0.722406792174234
594,0.673938722775932
595,0.612919896640827
596,0.749513965793036
597,0.609043927648579
598,0.619404454288175
599,0.66234772978959
600,0.699827734711456
601,0.643472376030516
602,0.667884828349945
603,0.593404700381445
604,0.692764857881137
605,0.787670727205611
606,0.683720930232558
607,0.666961978589886
608,0.737763012181617
609,0.674664697920512
610,0.680484803740618
611,0.602005660145195
612,0.669398301956441
613,0.602842377260982
614,0.54562569213732
615,0.667774086378737
616,0.802731635289775
617,0.661880152577827
618,0.716205241786637
619,0.695373446536237
620,0.705610926541159
621,0.480447889750215
622,0.714457979574259
623,0.48859357696567
624,0.605094130675526
625,0.619712070874862
626,0.619785898855666
627,0.621963824289406
628,0.708157991878922
629,0.636126491940445
630,0.644136827857758
631,0.681173864894795
632,0.694142980189492
633,0.606952134859112
634,0.583093392395718
635,0.632841146794635
636,0.603629875722899
637,0.665263935031377
638,0.634883720930233
639,0.629900332225914
640,0.602977728559124
641,0.717128091546696
642,0.654165128583733
643,0.637763012181617
644,0.613805832410484
645,0.628103851359665
646,0.687498461917067
647,0.653709856035437
648,0.666814322628276
649,0.532828842131168
650,0.702670111972438
651,0.683917804848037
652,0.60396210163652
653,0.591768180140273
654,0.68931955211025
655,0.645010458963947
656,0.637135474344777
657,0.708157991878922
658,0.647692875599852
659,0.632484311554079
660,0.719995078134613
661,0.798634182355113
662,0.613990402362495
663,0.693207825765965
664,0.705881629137443
665,0.68936877076412
666,0.660280546327058
667,0.69390919158361
668,0.559222345268857
669,0.677260981912145
670,0.562692260366679
671,0.62822689799434
672,0.651962593823059
673,0.487535375907469
674,0.596296296296296
675,0.700332225913621
676,0.584360772732866
677,0.683314876338132
678,0.539793281653747
679,0.609696074812354
680,0.637849144825889
681,0.601833394856651
682,0.668807678110004
683,0.58656330749354
684,0.688285960378984
685,0.732841146794635
686,0.741577457856528
687,0.741429801894918
688,0.702879291251384
689,0.56505475575243
690,0.584237726098191
691,0.6275993601575
692,0.75031376891842
693,0.533185677371724
694,0.745059677617817
695,0.673237356958287
696,0.668253968253968
697,0.687658422542143
698,0.599212501538083
699,0.683474836963209
700,0.699150978220746
701,0.627008736311062
702,0.578602190230097
703,0.738575119970469
704,0.656798326565768
705,0.720807185923465
706,0.676842623354251
707,0.611726344284484
708,0.702141011443337
709,0.642684877568598
710,0.620917927894672
711,0.748074320167343
712,0.711246462409253
713,0.577150239940938
714,0.628054632705795
715,0.651470407284361
716,0.697268364710225
717,0.69656699889258
718,0.763012181616833
719,0.628362249292482
720,0.602522456010828
721,0.702842377260982
722,0.655826258151839
723,0.758951642672573
724,0.696788482834994
725,0.714150362987572
726,0.655014150362988
727,0.742524916943522
728,0.63088470530331
729,0.694216808170297
730,0.651827242524917
731,0.667835609696075
732,0.687092408022641
733,0.703026947212994
734,0.627365571551618
735,0.585849637012428
736,0.615725359911406
737,0.634182355112588
738,0.688815060908084
739,0.738821213239818
740,0.711664820967147
741,0.730503260735819
742,0.687178540666913
743,0.643238587424634
744,0.743435462040113
745,0.564451827242525
746,0.661031130798573
747,0.606558385628153
748,0.733161068044789
749,0.648984865263935
750,0.583007259751446
751,0.718050941306755
752,0.691989664082687
753,0.744346007136705
754,0.650535252860834
755,0.711123415774579
756,0.703063861203396
757,0.726319675156884
758,0.629235880398671
759,0.636360280546327
760,0.715454657315122
761,0.621705426356589
762,0.663738156761413
763,0.615565399286329
764,0.748689553340716
765,0.679377384028547
766,0.644075304540421
767,0.672572905131045
768,0.720413436692506
769,0.663356712193921
770,0.655444813584348
771,0.655875476805709
772,0.666162175464501
773,0.658644026085887
774,0.68052171773102
775,0.666961978589886
776,0.72296050203027
777,0.812476928755999
778,0.611172634428448
779,0.697834379229728
780,0.6213608957795
781,0.719908945490341
782,0.732705795496493
783,0.73223821828473
784,0.676473483450228
785,0.800959763750461
786,0.681395348837209
787,0.664501045896395
788,0.825876707272056
789,0.718641565153193
790,0.61942906361511
791,0.617226528854436
792,0.70609080841639
793,0.745305770887166
794,0.675747508305648
795,0.639424141749723
796,0.691915836101883
797,0.718358557893442
798,0.578110003691399
799,0.705020302694721
800,0.637516918912268
801,0.74770518026332
802,0.679660391288298
803,0.661929371231697
804,0.796345514950166
805,0.639128829826504
806,0.71672203765227
807,0.717324966162175
808,0.745613387473853
809,0.642857142857143
810,0.672314507198228
811,0.579512735326689
812,0.613584348468069
813,0.69463516672819
814,0.708933185677372
815,0.635794266026824
816,0.556798326565768
817,0.615097822074566
818,0.613855051064353
819,0.510594315245478
820,0.688335179032853
821,0.598006644518272
822,0.680878552971576
823,0.677297895902547
824,0.610840408514827
825,0.653365325458349
826,0.672905131044666
827,0.669952011812477
828,0.744739756367663
829,0.735843484680694
830,0.610840408514827
831,0.712882982650424
832,0.614913252122554
833,0.761080349452443
834,0.703851359665313
835,0.670911775562938
836,0.681456872154547
837,0.751495016611296
838,0.574800049218654
839,0.612575366063738
840,0.721976128952873
841,0.628989787129322
842,0.700221483942414
843,0.714494893564661
844,0.663282884213117
845,0.638390550018457
846,0.70255937000123
847,0.679931093884582
848,0.661412575366064
849,0.638648947951273
850,0.713473606496862
851,0.682859603789836
852,0.612932201304294
853,0.648086624830811
854,0.607407407407407
855,0.811492555678602
856,0.660059062384644
857,0.717657192075797
858,0.708010335917313
859,0.618678479143595
860,0.590550018456995
861,0.5906238464378
862,0.558250276854928
863,0.56635905007998
864,0.700602928509905
865,0.687350805955457
866,0.638882736557155
867,0.677420942537222
868,0.632619662852221
869,0.612649194044543
870,0.688064476436569
871,0.577101021287068
872,0.666236003445306
873,0.647237603051557
874,0.687929125138427
875,0.659702227144088
876,0.634366925064599
877,0.687486157253599
878,0.67370493417005
879,0.752208687092408
880,0.674234034699151
881,0.631844469053771
882,0.699643164759444
883,0.699790820721053
884,0.771711578688323
885,0.716648209671465
886,0.708477913129076
887,0.638968869201427
888,0.663049095607235
889,0.594992001968746
890,0.744505967761782
891,0.730466346745417
892,0.693109388458226
893,0.57307739633321
894,0.611271071736188
895,0.672093023255814
896,0.665436200319921
897,0.692457241294451
898,0.724350929002092
899,0.653992863295189
900,0.639867109634552
901,0.700221483942414
902,0.651999507813461
903,0.565079365079365
904,0.797625199950781
905,0.553340716131414
906,0.656687584594561
907,0.66375046142488
908,0.595804109757598
909,0.665239325704442
910,0.600442967884828
911,0.632164390303925
912,0.684828349944629
913,0.584939091915836
914,0.584250030761659
915,0.633813215208564
916,0.647409868340101
917,0.647102251753415
918,0.653919035314384
919,0.731758336409499
920,0.661732496616218
921,0.619687461547927
922,0.633702473237357
923,0.665300849021779
924,0.649760059062385
925,0.647065337763012
926,0.711627906976744
927,0.642574135597391
928,0.589479512735327
929,0.490168573889504
930,0.627427094868955
931,0.694315245478036
932,0.629026701119724
933,0.530355604774209
934,0.677445551864157
935,0.619035314384152
936,0.633357942660268
937,0.613744309093146
938,0.584114679463517
939,0.681579918789221
940,0.628399163282884
941,0.694745908699397
942,0.734256183093392
943,0.679635781961363
944,0.638747385259013
945,0.715196259382306
946,0.621853082318199
947,0.753291497477544
948,0.734256183093392
949,0.574713916574382
950,0.721225544481358
951,0.560428202288667
952,0.550178417620278
953,0.631930601698043
954,0.692974037160084
955,0.703137689184201
956,0.57844222960502
957,0.629112833763997
958,0.539473360403593
959,0.580275624461671
960,0.652516303679094
961,0.763135228251507
962,0.671428571428571
963,0.669226036667897
964,0.60406053894426
965,0.648037406176941
966,0.669385997292974
967,0.55514950166113
968,0.688322874369386
969,0.608847053033099
970,0.689307247446782
971,0.608182601205857
972,0.682896517780239
973,0.725286083425618
974,0.586760182109019
975,0.64286944752061
976,0.673840285468192
977,0.680029531192322
978,0.578196136335671
979,0.617583364094992
980,0.589934785283622
981,0.700196874615479
982,0.550166112956811
983,0.612169312169312
984,0.723624953857512
985,0.715651531930602
986,0.670628768303187
987,0.656798326565768
988,0.686194167589516
989,0.670321151716501
990,0.668217054263566
991,0.584299249415528
992,0.698806447643657
993,0.698474221730036
994,0.61020056601452
995,0.598818752307124
996,0.519650547557524
997,0.508970099667774
998,0.747249907715024
999,0.752270210409745
1000,0.625187646117879
1001,0.552725482958041
1002,0.75983757844223
1003,0.646597760551249
1004,0.598892580287929
1005,0.602891595914852
1006,0.655740125507567
1007,0.611898609573028
1008,0.660563553586809
1009,0.682305893933801
1010,0.696603912882983
1011,0.748443460071367
1012,0.650424510889627
1013,0.636064968623108
1014,0.665522332964193
1015,0.644062999876953
1016,0.65359911406423
1017,0.636003445305771
1018,0.571120954841885
1019,0.658090316229851
1020,0.610139042697182
1021,0.595324227882367
1022,0.752159468438538
1023,0.693023255813954
1024,0.646019441368279
1025,0.640753045404208
1026,0.617165005537099
1027,0.608588655100283
1028,0.693257044419835
1029,0.512366186784791
1030,0.666974283253353
1031,0.701833394856651
1032,0.736360280546327
1033,0.67921742340347
1034,0.724449366309831
1035,0.663430540174726
1036,0.714445674910791
1037,0.583118001722653
1038,0.686821705426357
1039,0.64306632213609
1040,0.586575612157007
1041,0.597034576104344
1042,0.628153070013535
1043,0.645871785406669
1044,0.661129568106312
1045,0.648480374061769
1046,0.717583364094992
1047,0.713990402362495
1048,0.713264427217916
1049,0.546560846560847
1050,0.650658299495509
1051,0.616168327796235
1052,0.598031253845207
1053,0.635868094007629
1054,0.775513719699766
1055,0.649833887043189
1056,0.608539436446413
1057,0.741675895164267
1058,0.633813215208564
1059,0.746019441368279
1060,0.625359911406423
1061,0.697908207210533
1062,0.666137566137566
1063,0.68733850129199
1064,0.589196505475575
1065,0.641208317952504
1066,0.638119847422173
1067,0.756995201181248
1068,0.66254460440507
1069,0.703629875722899
1070,0.682256675279931
1071,0.607358188753538
1072,0.644469053771379
1073,0.627340962224683
1074,0.558065706902916
1075,0.672474467823305
1076,0.690156269226037
1077,0.621373200442968
1078,0.637763012181617
1079,0.604035929617325
1080,0.682072105327919
1081,0.694389073458841
1082,0.669459825273779
1083,0.68849513965793
1084,0.620081210778885
1085,0.73547434477667
1086,0.612046265534638
1087,0.758102620893319
1088,0.671207087486157
1089,0.749907715023994
1090,0.597637504614249
1091,0.657487387719946
1092,0.648923341946598
1093,0.598289651778024
1094,0.621065583856282
1095,0.649870801033592
1096,0.646536237233912
1097,0.747249907715024
1098,0.695644149132521
1099,0.624658545588778
1100,0.706595299618555
1101,0.682564291866617
1102,0.779783437922973
1103,0.641946597760551
1104,0.704294327550142
1105,0.663393626184324
1106,0.639904023624954
1107,0.583671711578688
1108,0.738009105450966
1109,0.75359911406423
1110,0.687326196628522
1111,0.601267380337148
1112,0.696505475575243
1113,0.62740248554202
1114,0.732595053525286
1115,0.7093761535622
1116,0.612144702842377
1117,0.72078257659653
1118,0.59854804971084
1119,0.64494893564661
1120,0.668832287436939
1121,0.828165374677003
1122,0.759825273778762
1123,0.606324597022271
1124,0.725507567368032
1125,0.587953734465362
1126,0.687486157253599
1127,0.76186784791436
1128,0.656072351421189
1129,0.629248185062139
1130,0.688839670235019
1131,0.548135843484681
1132,0.736261843238587
1133,0.663381321520856
1134,0.606792174234035
1135,0.648972560600468
1136,0.563775070751815
1137,0.626504245108896
1138,0.665510028300726
1139,0.578319182970346
1140,0.554841885074443
1141,0.650842869447521
1142,0.631327673188138
1143,0.698141995816414
1144,0.746142488002953
1145,0.715097822074566
1146,0.668327796234773
1147,0.611763258274886
1148,0.644296788482835
1149,0.584852959271564
1150,0.593700012304663
1151,0.709523809523809
1152,0.64630244862803
1153,0.727537836840162
1154,0.659246954595792
1155,0.673717238833518
1156,0.766592838685862
1157,0.717767934047004
1158,0.585468192444937
1159,0.56984126984127
1160,0.640642303433001
1161,0.64828349944629
1162,0.661953980558632
1163,0.690611541774332
1164,0.741675895164267
1165,0.731081579918789
1166,0.722554448135843
1167,0.667244985849637
1168,0.806275378368402
1169,0.729198966408269
1170,0.629826504245109
1171,0.606902916205242
1172,0.742045035068291
1173,0.569250645994832
1174,0.662015503875969
1175,0.563639719453673
1176,0.618087855297158
1177,0.683868586194168
1178,0.719884336163406
1179,0.691472868217054
1180,0.60739510274394
1181,0.600885935769657
1182,0.769435215946844
1183,0.719822812846069
1184,0.640753045404208
1185,0.670062753783684
1186,0.724412452319429
1187,0.624720068906115
1188,0.688568967638735
1189,0.730183339485665
1190,0.67046880767811
1191,0.766186784791436
1192,0.622296050203027
1193,0.658988556662975
1194,0.622443706164636
1195,0.694241417497231
1196,0.667441860465116
1197,0.722382182847299
1198,0.633197982035191
1199,0.655494032238218
1200,0.701488864279562
1201,0.752307124400148
1202,0.733887043189369
1203,0.755912390796112
1204,0.601956441491325
1205,0.589565645379599
1206,0.669705918543128
1207,0.654546573151224
1208,0.690439276485788
1209,0.680558631721422
1210,0.696419342930971
1211,0.684865263935031
1212,0.679881875230712
1213,0.615393133997785
1214,0.512058570198105
1215,0.567294204503507
1216,0.619170665682294
1217,0.684385382059801
1218,0.699532422788237
1219,0.541934293097084
1220,0.592543373938723
1221,0.573618801525778
1222,0.704035929617325
1223,0.566728189984004
1224,0.530687830687831
1225,0.648135843484681
1226,0.649661621754645
1227,0.666199089454903
1228,0.708564045773348
1229,0.607149009474591
1230,0.563209056232312
1231,0.662581518395472
1232,0.592014273409622
1233,0.688888888888889
1234,0.549870801033592
1235,0.601513473606497
1236,0.624031007751938
1237,0.575821336286453
1238,0.719355235634305
1239,0.670431893687708
1240,0.634256183093392
1241,0.591620524178664
1242,0.706336901685739
1243,0.718050941306755
1244,0.612476928755999
1245,0.663233665559247
1246,0.63030638612034
1247,0.672154546573151
1248,0.661990894549034
1249,0.665854558877815
1250,0.639264181124646
1251,0.607678110003691
1252,0.576547311431032
1253,0.688175218407777
1254,0.670604158976252
1255,0.669656699889258
1256,0.70879783437923
1257,0.63818137073951
1258,0.617103482219761
1259,0.750510643533899
1260,0.677260981912145
1261,0.67037037037037
1262,0.702670111972438
1263,0.720044296788483
1264,0.682908822443706
1265,0.60817029654239
1266,0.657204380460194
1267,0.748492678725237
1268,0.495508797834379
1269,0.656416881998277
1270,0.703703703703704
1271,0.616758951642673
1272,0.622935892703335
1273,0.658607112095484
1274,0.602990033222591
1275,0.632631967515688
1276,0.69390919158361
1277,0.51749723145072
1278,0.717903285345146
1279,0.59859726836471
1280,0.765965300849022
1281,0.637320044296788
1282,0.643927648578811
1283,0.715245478036176
1284,0.624387842992494
1285,0.555986218776916
1286,0.62339116525163
1287,0.618690783807063
1288,0.650350682908822
1289,0.664279561953981
1290,0.596136335671219
1291,0.62542143472376
1292,0.7187523071244
1293,0.742278823674173
1294,0.729334317706411
1295,0.61749723145072
1296,0.690107050572167
1297,0.679561953980559
1298,0.606275378368402
1299,0.713178294573643
1300,0.65505106435339
1301,0.827943890734588
1302,0.674061769410607
1303,0.679771133259505
1304,0.765669988925803
1305,0.743177064107297
1306,0.627464008859358
1307,0.773089700996678
1308,0.638550510643534
1309,0.594019933554817
1310,0.71266149870801
1311,0.649021779254337
1312,0.632385874246339
1313,0.645613387473853
1314,0.693564661006521
1315,0.621262458471761
1316,0.561757105943152
1317,0.737726098191214
1318,0.732841146794635
1319,0.646462409253107
1320,0.714519502891596
1321,0.646044050695213
1322,0.648677248677249
1323,0.654485049833887
1324,0.558151839547188
1325,0.670997908207211
1326,0.539694844346007
1327,0.607235142118863
1328,0.677851605758582
1329,0.689442598744924
1330,0.631364587178541
1331,0.666469792051187
1332,0.657462778393011
1333,0.716451335055986
1334,0.694315245478036
1335,0.683401008982404
1336,0.65359911406423
1337,0.691866617448013
1338,0.654460440506952
1339,0.629641934293097
1340,0.714322628276117
1341,0.551937984496124
1342,0.676818014027316
1343,0.64238956564538
1344,0.700061523317337
1345,0.717386489479513
1346,0.657339731758336
1347,0.69521348591116
1348,0.569127599360157
1349,0.663479758828596
1350,0.688101390426972
1351,0.620191952750092
1352,0.618961486403347
1353,0.520893318567737
1354,0.670198105081826
1355,0.66578073089701
1356,0.650092284976006
1357,0.686649440137812
1358,0.60661990894549
1359,0.638267503383782
1360,0.656724498584964
1361,0.67931586071121
1362,0.633173372708256
1363,0.642807924203273
1364,0.66322136089578
1365,0.701870308847053
1366,0.624916943521595
1367,0.605967761781715
1368,0.561904761904762
1369,0.587449243263197
1370,0.531807555063369
1371,0.630478651408884
1372,0.616106804478897
1373,0.635978835978836
1374,0.702473237356958
1375,0.736963209056232
1376,0.630417128091547
1377,0.638427464008859
1378,0.631782945736434
1379,0.618100159960625
1380,0.610372831303064
1381,0.728928263811985
1382,0.675021533161068
1383,0.677310200566015
1384,0.61421188630491
1385,0.618629260489726
1386,0.698917189614864
1387,0.731856773717239
1388,0.615946843853821
1389,0.650092284976006
1390,0.740273163528977
1391,0.651458102620893
1392,0.636003445305771
1393,0.667355727820844
1394,0.59328165374677
1395,0.646966900455272
1396,0.575292235757352
1397,0.688950412206226
1398,0.660858865510028
1399,0.608933185677372
1400,0.594561338747385
1401,0.609782207456626
1402,0.574713916574382
1403,0.706841392887904
1404,0.738095238095238
1405,0.694782822689799
1406,0.527783930109512
1407,0.596751568844592
1408,0.733665559246955
1409,0.583831672203765
1410,0.53025716746647
1411,0.667601821090193
1412,0.656084656084656
1413,0.62015503875969
1414,0.585566629752676
1415,0.707936507936508
1416,0.623034330011074
1417,0.671711578688323
1418,0.548049710840409
1419,0.676350436815553
1420,0.691854312784545
1421,0.677420942537222
1422,0.643115540789959
1423,0.653328411467946
1424,0.593047865140888
1425,0.681284606866002
1426,0.643767687953735
1427,0.76239694844346
1428,0.552405561707887
1429,0.637984496124031
1430,0.681013904269718
1431,0.688741232927279
1432,0.644087609203888
1433,0.574984619170666
1434,0.674541651285837
1435,0.724916943521595
1436,0.596407038267503
1437,0.70396210163652
1438,0.627390180878553
1439,0.675673680324843
1440,0.664673311184939
1441,0.722431401501169
1442,0.575193798449612
1443,0.648566506706042
1444,0.640814568721545
1445,0.621139411837086
1446,0.637639965546942
1447,0.758348714162668
1448,0.67520610311308
1449,0.657893441614372
1450,0.77796234772979
1451,0.62025347606743
1452,0.689725606004676
1453,0.634576104343546
1454,0.590943767687954
1455,0.656330749354005
1456,0.748468069398302
1457,0.533062630737049
1458,0.622443706164636
1459,0.641638981173865
1460,0.613855051064353
1461,0.608490217792543
1462,0.7718715393134
1463,0.606164636397195
1464,0.598301956441491
1465,0.585578934416144
1466,0.722480620155039
1467,0.704023624953858
1468,0.69202657807309
1469,0.591140642303433
1470,0.739030392518765
1471,0.66176941060662
1472,0.732890365448505
1473,0.709696074812354
1474,0.541196013289037
1475,0.724326319675157
1476,0.648320413436692
1477,0.660661990894549
1478,0.584939091915836
1479,0.539104220499569
1480,0.752688568967639
1481,0.677113325950535
1482,0.551937984496124
1483,0.720388827365572
1484,0.712021656207703
1485,0.76239694844346
1486,0.663898117386489
1487,0.638968869201427
1488,0.742032730404823
1489,0.667564907099791
1490,0.608724006398425
1491,0.728571428571429
1492,0.595730281776793
1493,0.634342315737665
1494,0.671428571428571
1495,0.747594438292113
1496,0.700221483942414
1497,0.674910791189861
1498,0.665522332964193
1499,0.572880521717731
1500,0.704540420819491
1501,0.616180632459702
1502,0.612735326688815
1503,0.72895287313892
1504,0.587178540666913
1505,0.674332472006891
1506,0.603100775193798
1507,0.650522948197367
1508,0.633038021410114
1509,0.619872031499938
1510,0.592949427833149
1511,0.685000615233173
1512,0.59806816783561
1513,0.632041343669251
1514,0.582810385135967
1515,0.594930478651409
1516,0.508379475821336
1517,0.710335917312661
1518,0.554743447766704
1519,0.677888519748985
1520,0.664894795127353
1521,0.662384643779993
1522,0.662913744309093
1523,0.698449612403101
1524,0.590771502399409
1525,0.641183708625569
1526,0.47641196013289
1527,0.654669619785899
1528,0.572609819121447
1529,0.712784545342685
1530,0.678762150855174
1531,0.714900947459087
1532,0.701587301587302
1533,0.674960009843731
1534,0.603026947212994
1535,0.604577334809893
1536,0.703863664328781
1537,0.750645994832041
1538,0.637664574873877
1539,0.63494524424757
1540,0.701574996923834
1541,0.602362495385751
1542,0.588913498215824
1543,0.540531561461794
1544,0.643103236126492
1545,0.667269595176572
1546,0.665116279069767
1547,0.736655592469546
1548,0.637713793527747
1549,0.626750338378245
1550,0.678725236864772
1551,0.775526024363234
1552,0.699335548172757
1553,0.699150978220746
1554,0.784053156146179
1555,0.640716131413806
1556,0.664254952627046
1557,0.619158361018826
1558,0.692629506582995
1559,0.675119970468808
1560,0.603949796973053
1561,0.582145933308724
1562,0.524449366309831
1563,0.716648209671465
1564,0.679808047249908
1565,0.614470284237726
1566,0.634699150978221
1567,0.599557032115172
1568,0.561794019933555
1569,0.725359911406423
1570,0.623292727943891
1571,0.751261228005414
1572,0.635240556170789
1573,0.659480743201673
1574,0.624104835732743
1575,0.690303925187646
1576,0.707468930724745
1577,0.700147655961609
1578,0.626012058570198
1579,0.747828226897994
1580,0.67041958902424
1581,0.729777285591239
1582,0.767220376522702
1583,0.722296050203027
1584,0.669385997292974
1585,0.71280915466962
1586,0.687301587301587
1587,0.78781838316722
1588,0.597563676633444
1589,0.752454780361757
1590,0.68583733234896
1591,0.614913252122554
1592,0.702780853943645
1593,0.652774701611911
1594,0.711861695582626
1595,0.753955949304786
1596,0.682207456626061
1597,0.770764119601329
1598,0.513645871785407
1599,0.701698043558509
1600,0.69854804971084
1601,0.701562692260367
1602,0.592432631967516
1603,0.678208440999139
1604,0.696739264181125
1605,0.591755875476806
1606,0.595324227882367
1607,0.688249046388581
1608,0.725655223329642
1609,0.56901685738895
1610,0.711111111111111
1611,0.695681063122924
1612,0.670456503014643
1613,0.599433985480497
1614,0.580595545711825
1615,0.692235757352036
1616,0.477334809892949
1617,0.588556662975268
1618,0.674763135228251
1619,0.566851236618679
1620,0.560883474836963
1621,0.659812969115295
1622,0.586489479512735
1623,0.701956441491325
1624,0.626885689676387
1625,0.636471022517534
1626,0.568106312292359
1627,0.688002953119232
1628,0.630503260735819
1629,0.595865633074935
1630,0.564784053156146
1631,0.6906238464378
1632,0.692518764611788
1633,0.69864648701858
1634,0.659653008490218
1635,0.653955949304787
1636,0.618198597268365
1637,0.649920019687461
1638,0.740789959394611
1639,0.608145687215455
1640,0.64031007751938
1641,0.653242278823674
1642,0.709966777408638
1643,0.674344776670358
1644,0.532595053525286
1645,0.591288298265042
1646,0.758680940076289
1647,0.651458102620893
1648,0.640039374923096
1649,0.685332841146795
1650,0.675083056478405
1651,0.700479881875231
1652,0.680324843115541
1653,0.762421557770395
1654,0.686870924080226
1655,0.623034330011074
1656,0.672056109265412
1657,0.692457241294451
1658,0.626541159099299
1659,0.599557032115172
1660,0.695422665190107
1661,0.696382428940568
1662,0.635068290882244
1663,0.681666051433493
1664,0.685529715762274
1665,0.646954595791805
1666,0.57839301095115
1667,0.733062630737049
1668,0.53702473237357
1669,0.611000369139904
1670,0.618370862556909
1671,0.730515565399286
1672,0.748357327427095
1673,0.579598867970961
1674,0.676707272056109
1675,0.638304417374185
1676,0.743927648578811
1677,0.734613018333949
1678,0.697256060046758
1679,0.75577703949797
1680,0.578183831672204
1681,0.71546696197859
1682,0.706201550387597
1683,0.662827611664821
1684,0.601611910914236
1685,0.620401132029039
1686,0.597157622739018
1687,0.623403469915098
1688,0.686194167589516
1689,0.640076288913498
1690,0.728165374677003
1691,0.716758951642673
1692,0.603654485049834
1693,0.702141011443337
1694,0.707407407407407
1695,0.573938722775932
1696,0.615356220007383
1697,0.660686600221484
1698,0.71421188630491
1699,0.683314876338132
1700,0.694905869324474
1701,0.572191460563554
1702,0.711627906976744
1703,0.682834994462901
1704,0.64775439891719
1705,0.731979820351913
1706,0.73745539559493
1707,0.718715393133998
1708,0.687633813215209
1709,0.660649686231082
1710,0.604134366925065
1711,0.665694598252738
1712,0.639362618432386
1713,0.733653254583487
1714,0.669952011812477
1715,0.658078011566384
1716,0.670087363110619
1717,0.678626799557032
1718,0.590340839178048
1719,0.68984865263935
1720,0.681210778885197
1721,0.73098314261105
1722,0.685640457733481
1723,0.65959148517288
1724,0.600812107788852
1725,0.666740494647471
1726,0.543718469299865
1727,0.589836347975883
1728,0.72141011443337
1729,0.691374430909315
1730,0.660760428202289
1731,0.697416020671835
1732,0.693244739756368
1733,0.659874492432632
1734,0.567417251138181
1735,0.533554817275747
1736,0.619933554817276
1737,0.672240679217423
1738,0.599729297403716
1739,0.680214101144334
1740,0.711000369139904
1741,0.717017349575489
1742,0.716352897748247
1743,0.541860465116279
1744,0.625765965300849
1745,0.643115540789959
1746,0.651015134736065
1747,0.572991263688938
1748,0.680287929125138
1749,0.551273532668881
1750,0.591325212255445
1751,0.732607358188754
1752,0.741466715885321
1753,0.725126122800541
1754,0.627993109388458
1755,0.683610188261351
1756,0.688039867109634
1757,0.571760797342193
1758,0.605180263319798
1759,0.738009105450966
1760,0.569915097822075
1761,0.614359542266519
1762,0.574246339362618
1763,0.630195644149133
1764,0.630823181985973
1765,0.627919281407654
1766,0.685135966531315
1767,0.662163159837578
1768,0.568303186907838
1769,0.586883228743694
1770,0.693995324227882
1771,0.722997416020672
1772,0.579623477297896
1773,0.631930601698044
1774,0.688704318936877
1775,0.630626307370493
1776,0.60661990894549
1777,0.680940076288914
1778,0.616623600344531
1779,0.669472129937246
1780,0.659173126614987
1781,0.608194905869324
1782,0.560969607481235
1783,0.740802264058078
1784,0.748997169927403
1785,0.662089331856774
1786,0.716279069767442
1787,0.688150609080842
1788,0.742401870308847
1789,0.612144702842377
1790,0.690463885812723
1791,0.538562815307001
1792,0.67505844715147
1793,0.638870431893688
1794,0.672388335179033
1795,0.510483573274271
1796,0.574320167343423
1797,0.742881752184078
1798,0.649821582379722
1799,0.718235511258767
1800,0.670333456379968
1801,0.681026208933186
1802,0.603260735818875
1803,0.688187523071244
1804,0.54171280915467
1805,0.6515688445921
1806,0.608281038513597
1807,0.666272917435708
1808,0.582958041097576
1809,0.767368032484312
1810,0.642820228866741
1811,0.679500430663221
1812,0.603186907838071
1813,0.643632336655592
1814,0.655174110988064
1815,0.707124400147656
1816,0.638415159345392
1817,0.70458963947336
1818,0.642438784299249
1819,0.595644149132521
1820,0.685492801771872
1821,0.652491694352159
1822,0.592641811246462
1823,0.67926664205734
1824,0.70212870677987
1825,0.668992248062016
1826,0.52025347606743
1827,0.692272671342439
1828,0.582748861818629
1829,0.55176571920758
1830,0.745896394733604
1831,0.630638612033961
1832,0.662212378491448
1833,0.67588285960379
1834,0.772978959025471
1835,0.584188507444321
1836,0.717829457364341
1837,0.575415282392027
1838,0.720142734096222
1839,0.680829334317706
1840,0.594450596776178
1841,0.542943275501415
1842,0.655875476805709
1843,0.566642057339732
1844,0.623145071982281
1845,0.645465731512243
1846,0.592174234034699
1847,0.583831672203765
1848,0.654681924449366
1849,0.644912021656208
1850,0.686267995570321
1851,0.718198597268365
1852,0.672129937246216
1853,0.691214470284238
1854,0.676941060661991
1855,0.684090070136582
1856,0.62078257659653
1857,0.634182355112588
1858,0.637086255690907
1859,0.738316722037652
1860,0.587166236003445
1861,0.669349083302572
1862,0.544862803002338
1863,0.64823428079242
1864,0.657462778393011
1865,0.708379475821336
1866,0.730970837947582
1867,0.70198105081826
1868,0.679426602682417
1869,0.674418604651163
1870,0.677211763258275
1871,0.686427956195398
1872,0.580730897009967
1873,0.667109634551495
1874,0.643386243386243
1875,0.581419958164144
1876,0.674393995324228
1877,0.637516918912268
1878,0.566186784791436
1879,0.758508674787745
1880,0.699335548172757
1881,0.593700012304664
1882,0.61082810385136
1883,0.727131782945736
1884,0.710532791928141
1885,0.701796480866248
1886,0.636594069152209
1887,0.702522456010828
1888,0.665596160944998
1889,0.620794881259997
1890,0.654066691275994
1891,0.703716008367171
1892,0.752565522332964
1893,0.659702227144088
1894,0.641343669250646
1895,0.619785898855666
1896,0.569755137196998
1897,0.645035068290882
1898,0.661523317337271
1899,0.663922726713424
1900,0.720819490586932
1901,0.637135474344777
1902,0.768893810754276
1903,0.676670358065707
1904,0.655592469545958
1905,0.570751814937861
1906,0.619158361018826
1907,0.583880890857635
1908,0.732730404823428
1909,0.690070136581765
1910,0.714950166112957
1911,0.580607850375292
1912,0.681075427587056
1913,0.582527377876215
1914,0.745145810262089
1915,0.580927771625446
1916,0.639867109634552
1917,0.718641565153193
1918,0.641208317952504
1919,0.661252614740987
1920,0.702436323366556
1921,0.625593700012305
1922,0.658742463393626
1923,0.583684016242156
1924,0.608551741109881
1925,0.621385505106435
1926,0.745502645502645
1927,0.676239694844346
1928,0.700356835240556
1929,0.612046265534638
1930,0.714507198228128
1931,0.645650301464255
1932,0.592321889996309
1933,0.660132890365449
1934,0.663110618924572
1935,0.66655592469546
1936,0.6187523071244
1937,0.643115540789959
1938,0.706152331733727
1939,0.716205241786637
1940,0.728497600590624
1941,0.638365940691522
1942,0.551421188630491
1943,0.64905869324474
1944,0.622480620155039
1945,0.725113818137074
1946,0.729937246216316
1947,0.606989048849514
1948,0.585566629752676
1949,0.652528608342562
1950,0.666519010705057
1951,0.670960994216808
1952,0.708822443706165
1953,0.618678479143595
1954,0.634305401747262
1955,0.650855174110988
1956,0.618715393133998
1957,0.709856035437431
1958,0.587892211148025
1959,0.691731266149871
1960,0.664796357819614
1961,0.680140273163529
1962,0.62692260366679
1963,0.616266765103974
1964,0.6677125630614
1965,0.67651039744063
1966,0.696345514950166
1967,0.747926664205734
1968,0.593761535622001
1969,0.667786391042205
1970,0.731869078380706
1971,0.723563430540175
1972,0.683474836963209
1973,0.63359173126615
1974,0.661424880029531
1975,0.644407530454042
1976,0.518358557893442
1977,0.672129937246216
1978,0.632693490833026
1979,0.611480251015135
1980,0.690242401870309
1981,0.6229112833764
1982,0.707604282022887
1983,0.543226282761166
1984,0.611443337024732
1985,0.677667035806571
1986,0.681272302202535
1987,0.610754275870555
1988,0.642451088962717
1989,0.656047742094254
1990,0.560305155653993
1991,0.616906607604282
1992,0.696640826873385
1993,0.656995201181248
1994,0.731007751937985
1995,0.595053525286083
1996,0.577630121816168
1997,0.592691029900332
1998,0.559394610557401
1999,0.552528608342562
2000,0.660182109019318
